class,threshold,tp,fp,fn,precision,recall,f1,jaccard,fp_per_image,fn_per_image
Leucocyte,0.0,564,2890,8,0.16328894035900404,0.986013986013986,0.2801788375558867,0.16291161178509533,54.528301886792455,0.1509433962264151
Leucocyte,0.009999999776482582,564,2773,8,0.16901408450704225,0.986013986013986,0.28856485034535684,0.16860986547085202,52.320754716981135,0.1509433962264151
Leucocyte,0.019999999552965164,564,2007,8,0.2193698949824971,0.986013986013986,0.3588927776010182,0.21868941450174487,37.867924528301884,0.1509433962264151
Leucocyte,0.029999999329447746,564,1649,8,0.25485765928603704,0.986013986013986,0.4050269299820467,0.25393966681674923,31.11320754716981,0.1509433962264151
Leucocyte,0.03999999910593033,564,1415,8,0.2849924204143507,0.986013986013986,0.44217953743629956,0.28384499245093103,26.69811320754717,0.1509433962264151
Leucocyte,0.05000000074505806,563,1193,9,0.3206150341685649,0.9842657342657343,0.48367697594501724,0.3189801699716714,22.50943396226415,0.16981132075471697
Leucocyte,0.05999999865889549,561,999,11,0.3596153846153846,0.9807692307692307,0.5262664165103189,0.35709739019732656,18.849056603773583,0.20754716981132076
Leucocyte,0.07000000029802322,560,826,12,0.40404040404040403,0.9790209790209791,0.5720122574055159,0.4005722460658083,15.584905660377359,0.22641509433962265
Leucocyte,0.07999999821186066,559,668,13,0.45558272208638956,0.9772727272727273,0.6214563646470261,0.4508064516129032,12.60377358490566,0.24528301886792453
Leucocyte,0.09000000357627869,558,525,14,0.5152354570637119,0.9755244755244755,0.6743202416918429,0.5086599817684594,9.90566037735849,0.2641509433962264
Leucocyte,0.10000000149011612,558,426,14,0.5670731707317073,0.9755244755244755,0.7172236503856041,0.5591182364729459,8.037735849056604,0.2641509433962264
Leucocyte,0.10999999940395355,558,368,14,0.6025917926565875,0.9755244755244755,0.7449933244325767,0.5936170212765958,6.943396226415095,0.2641509433962264
Leucocyte,0.11999999731779099,557,315,15,0.6387614678899083,0.9737762237762237,0.7714681440443213,0.6279594137542277,5.943396226415095,0.2830188679245283
Leucocyte,0.12999999523162842,556,280,16,0.6650717703349283,0.972027972027972,0.7897727272727274,0.6525821596244131,5.283018867924528,0.3018867924528302
Leucocyte,0.14000000059604645,552,251,20,0.6874221668742216,0.965034965034965,0.8029090909090909,0.6707168894289186,4.735849056603773,0.37735849056603776
Leucocyte,0.15000000596046448,551,229,21,0.7064102564102565,0.9632867132867133,0.8150887573964497,0.6878901373283396,4.320754716981132,0.39622641509433965
Leucocyte,0.1599999964237213,550,214,22,0.7198952879581152,0.9615384615384616,0.8233532934131738,0.6997455470737913,4.037735849056604,0.41509433962264153
Leucocyte,0.17000000178813934,548,203,24,0.729693741677763,0.958041958041958,0.8284202569916855,0.7070967741935484,3.830188679245283,0.4528301886792453
Leucocyte,0.18000000715255737,547,193,25,0.7391891891891892,0.9562937062937062,0.833841463414634,0.7150326797385621,3.641509433962264,0.4716981132075472
Leucocyte,0.1899999976158142,546,182,26,0.75,0.9545454545454546,0.84,0.7241379310344828,3.4339622641509435,0.49056603773584906
Leucocyte,0.20000000298023224,544,172,28,0.7597765363128491,0.951048951048951,0.84472049689441,0.7311827956989247,3.2452830188679247,0.5283018867924528
Leucocyte,0.20999999344348907,542,161,30,0.7709815078236131,0.9475524475524476,0.8501960784313726,0.7394270122783083,3.0377358490566038,0.5660377358490566
Leucocyte,0.2199999988079071,538,153,34,0.7785817655571635,0.9405594405594405,0.8519398258115597,0.7420689655172413,2.8867924528301887,0.6415094339622641
Leucocyte,0.23000000417232513,537,137,35,0.7967359050445104,0.9388111888111889,0.8619582664526485,0.7574047954866009,2.5849056603773586,0.660377358490566
Leucocyte,0.23999999463558197,537,123,35,0.8136363636363636,0.9388111888111889,0.8717532467532468,0.7726618705035971,2.3207547169811322,0.660377358490566
Leucocyte,0.25,537,113,35,0.8261538461538461,0.9388111888111889,0.8788870703764321,0.7839416058394161,2.1320754716981134,0.660377358490566
Leucocyte,0.25999999046325684,536,103,36,0.838810641627543,0.9370629370629371,0.8852188274153592,0.794074074074074,1.9433962264150944,0.6792452830188679
Leucocyte,0.27000001072883606,535,100,37,0.84251968503937,0.9353146853146853,0.8864954432477216,0.7961309523809523,1.8867924528301887,0.6981132075471698
Leucocyte,0.2800000011920929,532,91,40,0.8539325842696629,0.9300699300699301,0.8903765690376569,0.8024132730015083,1.7169811320754718,0.7547169811320755
Leucocyte,0.28999999165534973,530,81,42,0.867430441898527,0.9265734265734266,0.8960270498732038,0.8116385911179173,1.528301886792453,0.7924528301886793
Leucocyte,0.30000001192092896,529,77,43,0.8729372937293729,0.9248251748251748,0.898132427843803,0.8151001540832049,1.4528301886792452,0.8113207547169812
Leucocyte,0.30000001192092896,529,77,43,0.8729372937293729,0.9248251748251748,0.898132427843803,0.8151001540832049,1.4528301886792452,0.8113207547169812
Leucocyte,0.3100000023841858,526,76,46,0.8737541528239202,0.9195804195804196,0.8960817717206134,0.8117283950617284,1.4339622641509433,0.8679245283018868
Leucocyte,0.3199999928474426,521,71,51,0.8800675675675675,0.9108391608391608,0.8951890034364262,0.8102643856920684,1.3396226415094339,0.9622641509433962
Leucocyte,0.33000001311302185,519,70,53,0.8811544991511036,0.9073426573426573,0.8940568475452196,0.8084112149532711,1.320754716981132,1.0
Leucocyte,0.3400000035762787,514,63,58,0.8908145580589255,0.8986013986013986,0.8946910356832027,0.8094488188976378,1.1886792452830188,1.0943396226415094
Leucocyte,0.3499999940395355,514,59,58,0.8970331588132635,0.8986013986013986,0.897816593886463,0.8145800316957211,1.1132075471698113,1.0943396226415094
Leucocyte,0.36000001430511475,513,57,59,0.9,0.8968531468531469,0.8984238178633974,0.8155802861685215,1.0754716981132075,1.1132075471698113
Leucocyte,0.3700000047683716,509,55,63,0.9024822695035462,0.8898601398601399,0.8961267605633803,0.8118022328548644,1.0377358490566038,1.1886792452830188
Leucocyte,0.3799999952316284,505,51,67,0.908273381294964,0.8828671328671329,0.895390070921986,0.8105939004815409,0.9622641509433962,1.2641509433962264
Leucocyte,0.38999998569488525,504,46,68,0.9163636363636364,0.8811188811188811,0.8983957219251337,0.8155339805825242,0.8679245283018868,1.2830188679245282
Leucocyte,0.4000000059604645,500,45,72,0.9174311926605505,0.8741258741258742,0.8952551477170995,0.8103727714748784,0.8490566037735849,1.3584905660377358
Leucocyte,0.4099999964237213,497,45,75,0.9169741697416974,0.8688811188811189,0.8922800718132855,0.8055105348460292,0.8490566037735849,1.4150943396226414
Leucocyte,0.41999998688697815,495,42,77,0.9217877094972067,0.8653846153846154,0.8926961226330027,0.8061889250814332,0.7924528301886793,1.4528301886792452
Leucocyte,0.4300000071525574,491,40,81,0.9246704331450094,0.8583916083916084,0.8902991840435176,0.8022875816993464,0.7547169811320755,1.528301886792453
Leucocyte,0.4399999976158142,489,38,83,0.9278937381404174,0.8548951048951049,0.8898999090081893,0.8016393442622951,0.7169811320754716,1.5660377358490567
Leucocyte,0.44999998807907104,487,38,85,0.9276190476190476,0.8513986013986014,0.8878760255241567,0.7983606557377049,0.7169811320754716,1.6037735849056605
Leucocyte,0.46000000834465027,480,38,92,0.9266409266409267,0.8391608391608392,0.8807339449541285,0.7868852459016393,0.7169811320754716,1.7358490566037736
Leucocyte,0.4699999988079071,480,35,92,0.9320388349514563,0.8391608391608392,0.8831646734130635,0.7907742998352554,0.660377358490566,1.7358490566037736
Leucocyte,0.47999998927116394,478,31,94,0.9390962671905697,0.8356643356643356,0.8843663274745607,0.7927031509121062,0.5849056603773585,1.7735849056603774
Leucocyte,0.49000000953674316,477,29,95,0.9426877470355731,0.833916083916084,0.8849721706864564,0.7936772046589018,0.5471698113207547,1.7924528301886793
Leucocyte,0.5,474,27,98,0.9461077844311377,0.8286713286713286,0.8835041938490213,0.7913188647746243,0.5094339622641509,1.849056603773585
Leucocyte,0.5099999904632568,471,26,101,0.9476861167002012,0.8234265734265734,0.8811973807296539,0.7876254180602007,0.49056603773584906,1.9056603773584906
Leucocyte,0.5199999809265137,469,24,103,0.9513184584178499,0.8199300699300699,0.8807511737089201,0.7869127516778524,0.4528301886792453,1.9433962264150944
Leucocyte,0.5299999713897705,465,23,107,0.9528688524590164,0.8129370629370629,0.8773584905660378,0.7815126050420168,0.4339622641509434,2.018867924528302
Leucocyte,0.5400000214576721,460,21,112,0.9563409563409564,0.8041958041958042,0.8736942070275403,0.7757166947723441,0.39622641509433965,2.1132075471698113
Leucocyte,0.550000011920929,455,21,117,0.9558823529411765,0.7954545454545454,0.8683206106870228,0.7672849915682968,0.39622641509433965,2.207547169811321
Leucocyte,0.5600000023841858,451,21,121,0.9555084745762712,0.7884615384615384,0.863984674329502,0.760539629005059,0.39622641509433965,2.2830188679245285
Leucocyte,0.5699999928474426,448,20,124,0.9572649572649573,0.7832167832167832,0.8615384615384616,0.7567567567567568,0.37735849056603776,2.339622641509434
Leucocyte,0.5799999833106995,446,19,126,0.9591397849462365,0.7797202797202797,0.8601735776277724,0.754653130287648,0.3584905660377358,2.3773584905660377
Leucocyte,0.5899999737739563,441,19,131,0.9586956521739131,0.7709790209790209,0.8546511627906976,0.7461928934010152,0.3584905660377358,2.4716981132075473
Leucocyte,0.6000000238418579,436,17,136,0.9624724061810155,0.7622377622377622,0.8507317073170733,0.7402376910016978,0.32075471698113206,2.5660377358490565
Leucocyte,0.6100000143051147,434,16,138,0.9644444444444444,0.7587412587412588,0.8493150684931507,0.7380952380952381,0.3018867924528302,2.6037735849056602
Leucocyte,0.6200000047683716,429,15,143,0.9662162162162162,0.75,0.844488188976378,0.7308347529812607,0.2830188679245283,2.69811320754717
Leucocyte,0.6299999952316284,426,14,146,0.9681818181818181,0.7447552447552448,0.8418972332015812,0.726962457337884,0.2641509433962264,2.7547169811320753
Leucocyte,0.6399999856948853,418,12,154,0.9720930232558139,0.7307692307692307,0.8343313373253493,0.7157534246575342,0.22641509433962265,2.9056603773584904
Leucocyte,0.6499999761581421,414,11,158,0.9741176470588235,0.7237762237762237,0.8304914744232698,0.7101200686106347,0.20754716981132076,2.981132075471698
Leucocyte,0.6600000262260437,410,9,162,0.9785202863961814,0.7167832167832168,0.82744702320888,0.7056798623063684,0.16981132075471697,3.056603773584906
Leucocyte,0.6700000166893005,409,9,163,0.9784688995215312,0.715034965034965,0.8262626262626263,0.7039586919104991,0.16981132075471697,3.0754716981132075
Leucocyte,0.6800000071525574,401,7,171,0.9828431372549019,0.701048951048951,0.8183673469387756,0.6925734024179621,0.1320754716981132,3.2264150943396226
Leucocyte,0.6899999976158142,397,7,175,0.9826732673267327,0.6940559440559441,0.8135245901639344,0.6856649395509499,0.1320754716981132,3.30188679245283
Leucocyte,0.699999988079071,390,6,182,0.9848484848484849,0.6818181818181818,0.8057851239669421,0.6747404844290658,0.11320754716981132,3.4339622641509435
Leucocyte,0.7099999785423279,384,6,188,0.9846153846153847,0.6713286713286714,0.7983367983367984,0.6643598615916955,0.11320754716981132,3.547169811320755
Leucocyte,0.7200000286102295,379,4,193,0.9895561357702349,0.6625874125874126,0.793717277486911,0.6579861111111112,0.07547169811320754,3.641509433962264
Leucocyte,0.7300000190734863,373,4,199,0.9893899204244032,0.6520979020979021,0.7860906217070601,0.6475694444444444,0.07547169811320754,3.7547169811320753
Leucocyte,0.7400000095367432,366,4,206,0.9891891891891892,0.6398601398601399,0.7770700636942676,0.6354166666666666,0.07547169811320754,3.8867924528301887
Leucocyte,0.75,356,4,216,0.9888888888888889,0.6223776223776224,0.7639484978540773,0.6180555555555556,0.07547169811320754,4.0754716981132075
Leucocyte,0.7599999904632568,351,2,221,0.9943342776203966,0.6136363636363636,0.7589189189189189,0.6114982578397212,0.03773584905660377,4.169811320754717
Leucocyte,0.7699999809265137,339,2,233,0.9941348973607038,0.5926573426573427,0.7426067907995619,0.5905923344947736,0.03773584905660377,4.39622641509434
Leucocyte,0.7799999713897705,329,1,243,0.996969696969697,0.5751748251748252,0.7294900221729491,0.5741710296684118,0.018867924528301886,4.584905660377358
Leucocyte,0.7900000214576721,311,1,261,0.9967948717948718,0.5437062937062938,0.7036199095022625,0.5427574171029669,0.018867924528301886,4.9245283018867925
Leucocyte,0.800000011920929,297,1,275,0.9966442953020134,0.5192307692307693,0.6827586206896552,0.518324607329843,0.018867924528301886,5.188679245283019
Leucocyte,0.8100000023841858,285,1,287,0.9965034965034965,0.4982517482517482,0.6643356643356644,0.4973821989528796,0.018867924528301886,5.415094339622642
Leucocyte,0.8199999928474426,267,1,305,0.996268656716418,0.46678321678321677,0.6357142857142857,0.46596858638743455,0.018867924528301886,5.754716981132075
Leucocyte,0.8299999833106995,255,1,317,0.99609375,0.4458041958041958,0.6159420289855072,0.44502617801047123,0.018867924528301886,5.981132075471698
Leucocyte,0.8399999737739563,245,1,327,0.9959349593495935,0.42832167832167833,0.5990220048899755,0.42757417102966844,0.018867924528301886,6.169811320754717
Leucocyte,0.8500000238418579,222,1,350,0.9955156950672646,0.3881118881118881,0.5584905660377358,0.387434554973822,0.018867924528301886,6.60377358490566
Leucocyte,0.8600000143051147,197,1,375,0.9949494949494949,0.34440559440559443,0.5116883116883116,0.343804537521815,0.018867924528301886,7.0754716981132075
Leucocyte,0.8700000047683716,161,0,411,1.0,0.28146853146853146,0.4392905866302865,0.28146853146853146,0.0,7.754716981132075
Leucocyte,0.8799999952316284,133,0,439,1.0,0.23251748251748253,0.37730496453900714,0.23251748251748253,0.0,8.283018867924529
Leucocyte,0.8899999856948853,92,0,480,1.0,0.16083916083916083,0.27710843373493976,0.16083916083916083,0.0,9.056603773584905
Leucocyte,0.8999999761581421,51,0,521,1.0,0.08916083916083917,0.1637239165329053,0.08916083916083917,0.0,9.830188679245284
Leucocyte,0.9100000262260437,23,0,549,1.0,0.04020979020979021,0.0773109243697479,0.04020979020979021,0.0,10.358490566037736
Leucocyte,0.9200000166893005,5,0,567,1.0,0.008741258741258742,0.01733102253032929,0.008741258741258742,0.0,10.69811320754717
Leucocyte,0.9300000071525574,0,0,572,0.0,0.0,0.0,0.0,0.0,10.79245283018868
Leucocyte,0.9399999976158142,0,0,572,0.0,0.0,0.0,0.0,0.0,10.79245283018868
Leucocyte,0.949999988079071,0,0,572,0.0,0.0,0.0,0.0,0.0,10.79245283018868
Squamous Epithelial Cell,0.0,204,1642,0,0.1105092091007584,1.0,0.19902439024390242,0.1105092091007584,30.9811320754717,0.0
Squamous Epithelial Cell,0.009999999776482582,204,1525,0,0.11798727588201273,1.0,0.2110708742886705,0.11798727588201273,28.77358490566038,0.0
Squamous Epithelial Cell,0.019999999552965164,204,831,0,0.19710144927536233,1.0,0.3292978208232446,0.19710144927536233,15.679245283018869,0.0
Squamous Epithelial Cell,0.029999999329447746,204,548,0,0.2712765957446808,1.0,0.42677824267782427,0.2712765957446808,10.339622641509434,0.0
Squamous Epithelial Cell,0.03999999910593033,204,410,0,0.3322475570032573,1.0,0.49877750611246946,0.3322475570032573,7.735849056603773,0.0
Squamous Epithelial Cell,0.05000000074505806,204,332,0,0.3805970149253731,1.0,0.5513513513513513,0.3805970149253731,6.264150943396227,0.0
Squamous Epithelial Cell,0.05999999865889549,204,255,0,0.4444444444444444,1.0,0.6153846153846153,0.4444444444444444,4.811320754716981,0.0
Squamous Epithelial Cell,0.07000000029802322,204,187,0,0.5217391304347826,1.0,0.6857142857142856,0.5217391304347826,3.5283018867924527,0.0
Squamous Epithelial Cell,0.07999999821186066,204,139,0,0.5947521865889213,1.0,0.7458866544789762,0.5947521865889213,2.6226415094339623,0.0
Squamous Epithelial Cell,0.09000000357627869,204,106,0,0.6580645161290323,1.0,0.7937743190661478,0.6580645161290323,2.0,0.0
Squamous Epithelial Cell,0.10000000149011612,204,88,0,0.6986301369863014,1.0,0.8225806451612903,0.6986301369863014,1.6603773584905661,0.0
Squamous Epithelial Cell,0.10999999940395355,204,70,0,0.7445255474452555,1.0,0.8535564853556485,0.7445255474452555,1.320754716981132,0.0
Squamous Epithelial Cell,0.11999999731779099,204,54,0,0.7906976744186046,1.0,0.8831168831168831,0.7906976744186046,1.0188679245283019,0.0
Squamous Epithelial Cell,0.12999999523162842,204,50,0,0.8031496062992126,1.0,0.8908296943231442,0.8031496062992126,0.9433962264150944,0.0
Squamous Epithelial Cell,0.14000000059604645,204,47,0,0.8127490039840638,1.0,0.8967032967032967,0.8127490039840638,0.8867924528301887,0.0
Squamous Epithelial Cell,0.15000000596046448,204,45,0,0.8192771084337349,1.0,0.9006622516556291,0.8192771084337349,0.8490566037735849,0.0
Squamous Epithelial Cell,0.1599999964237213,204,41,0,0.8326530612244898,1.0,0.9086859688195991,0.8326530612244898,0.7735849056603774,0.0
Squamous Epithelial Cell,0.17000000178813934,204,37,0,0.8464730290456431,1.0,0.9168539325842696,0.8464730290456431,0.6981132075471698,0.0
Squamous Epithelial Cell,0.18000000715255737,204,33,0,0.8607594936708861,1.0,0.9251700680272108,0.8607594936708861,0.6226415094339622,0.0
Squamous Epithelial Cell,0.1899999976158142,202,31,2,0.8669527896995708,0.9901960784313726,0.9244851258581235,0.8595744680851064,0.5849056603773585,0.03773584905660377
Squamous Epithelial Cell,0.20000000298023224,202,29,2,0.8744588744588745,0.9901960784313726,0.9287356321839081,0.8669527896995708,0.5471698113207547,0.03773584905660377
Squamous Epithelial Cell,0.20999999344348907,201,26,3,0.8854625550660793,0.9852941176470589,0.9327146171693735,0.8739130434782608,0.49056603773584906,0.05660377358490566
Squamous Epithelial Cell,0.2199999988079071,201,23,3,0.8973214285714286,0.9852941176470589,0.9392523364485982,0.8854625550660793,0.4339622641509434,0.05660377358490566
Squamous Epithelial Cell,0.23000000417232513,201,20,3,0.9095022624434389,0.9852941176470589,0.9458823529411765,0.8973214285714286,0.37735849056603776,0.05660377358490566
Squamous Epithelial Cell,0.23999999463558197,201,17,3,0.9220183486238532,0.9852941176470589,0.95260663507109,0.9095022624434389,0.32075471698113206,0.05660377358490566
Squamous Epithelial Cell,0.25,201,15,3,0.9305555555555556,0.9852941176470589,0.9571428571428572,0.9178082191780822,0.2830188679245283,0.05660377358490566
Squamous Epithelial Cell,0.25999999046325684,201,14,3,0.9348837209302325,0.9852941176470589,0.9594272076372315,0.9220183486238532,0.2641509433962264,0.05660377358490566
Squamous Epithelial Cell,0.27000001072883606,201,14,3,0.9348837209302325,0.9852941176470589,0.9594272076372315,0.9220183486238532,0.2641509433962264,0.05660377358490566
Squamous Epithelial Cell,0.2800000011920929,201,12,3,0.9436619718309859,0.9852941176470589,0.9640287769784172,0.9305555555555556,0.22641509433962265,0.05660377358490566
Squamous Epithelial Cell,0.28999999165534973,201,12,3,0.9436619718309859,0.9852941176470589,0.9640287769784172,0.9305555555555556,0.22641509433962265,0.05660377358490566
Squamous Epithelial Cell,0.30000001192092896,201,12,3,0.9436619718309859,0.9852941176470589,0.9640287769784172,0.9305555555555556,0.22641509433962265,0.05660377358490566
Squamous Epithelial Cell,0.30000001192092896,201,12,3,0.9436619718309859,0.9852941176470589,0.9640287769784172,0.9305555555555556,0.22641509433962265,0.05660377358490566
Squamous Epithelial Cell,0.3100000023841858,201,12,3,0.9436619718309859,0.9852941176470589,0.9640287769784172,0.9305555555555556,0.22641509433962265,0.05660377358490566
Squamous Epithelial Cell,0.3199999928474426,201,12,3,0.9436619718309859,0.9852941176470589,0.9640287769784172,0.9305555555555556,0.22641509433962265,0.05660377358490566
Squamous Epithelial Cell,0.33000001311302185,201,11,3,0.9481132075471698,0.9852941176470589,0.9663461538461537,0.9348837209302325,0.20754716981132076,0.05660377358490566
Squamous Epithelial Cell,0.3400000035762787,201,11,3,0.9481132075471698,0.9852941176470589,0.9663461538461537,0.9348837209302325,0.20754716981132076,0.05660377358490566
Squamous Epithelial Cell,0.3499999940395355,201,10,3,0.95260663507109,0.9852941176470589,0.9686746987951808,0.9392523364485982,0.18867924528301888,0.05660377358490566
Squamous Epithelial Cell,0.36000001430511475,201,10,3,0.95260663507109,0.9852941176470589,0.9686746987951808,0.9392523364485982,0.18867924528301888,0.05660377358490566
Squamous Epithelial Cell,0.3700000047683716,200,10,4,0.9523809523809523,0.9803921568627451,0.966183574879227,0.9345794392523364,0.18867924528301888,0.07547169811320754
Squamous Epithelial Cell,0.3799999952316284,198,9,6,0.9565217391304348,0.9705882352941176,0.9635036496350365,0.9295774647887324,0.16981132075471697,0.11320754716981132
Squamous Epithelial Cell,0.38999998569488525,198,9,6,0.9565217391304348,0.9705882352941176,0.9635036496350365,0.9295774647887324,0.16981132075471697,0.11320754716981132
Squamous Epithelial Cell,0.4000000059604645,197,9,7,0.9563106796116505,0.9656862745098039,0.9609756097560976,0.9248826291079812,0.16981132075471697,0.1320754716981132
Squamous Epithelial Cell,0.4099999964237213,196,9,8,0.9560975609756097,0.9607843137254902,0.9584352078239609,0.92018779342723,0.16981132075471697,0.1509433962264151
Squamous Epithelial Cell,0.41999998688697815,195,8,9,0.9605911330049262,0.9558823529411765,0.9582309582309583,0.9198113207547169,0.1509433962264151,0.16981132075471697
Squamous Epithelial Cell,0.4300000071525574,195,8,9,0.9605911330049262,0.9558823529411765,0.9582309582309583,0.9198113207547169,0.1509433962264151,0.16981132075471697
Squamous Epithelial Cell,0.4399999976158142,195,7,9,0.9653465346534653,0.9558823529411765,0.960591133004926,0.9241706161137441,0.1320754716981132,0.16981132075471697
Squamous Epithelial Cell,0.44999998807907104,195,6,9,0.9701492537313433,0.9558823529411765,0.962962962962963,0.9285714285714286,0.11320754716981132,0.16981132075471697
Squamous Epithelial Cell,0.46000000834465027,195,6,9,0.9701492537313433,0.9558823529411765,0.962962962962963,0.9285714285714286,0.11320754716981132,0.16981132075471697
Squamous Epithelial Cell,0.4699999988079071,194,6,10,0.97,0.9509803921568627,0.9603960396039604,0.9238095238095239,0.11320754716981132,0.18867924528301888
Squamous Epithelial Cell,0.47999998927116394,194,6,10,0.97,0.9509803921568627,0.9603960396039604,0.9238095238095239,0.11320754716981132,0.18867924528301888
Squamous Epithelial Cell,0.49000000953674316,194,5,10,0.9748743718592965,0.9509803921568627,0.9627791563275433,0.9282296650717703,0.09433962264150944,0.18867924528301888
Squamous Epithelial Cell,0.5,194,4,10,0.9797979797979798,0.9509803921568627,0.9651741293532337,0.9326923076923077,0.07547169811320754,0.18867924528301888
Squamous Epithelial Cell,0.5099999904632568,194,4,10,0.9797979797979798,0.9509803921568627,0.9651741293532337,0.9326923076923077,0.07547169811320754,0.18867924528301888
Squamous Epithelial Cell,0.5199999809265137,193,3,11,0.9846938775510204,0.946078431372549,0.9649999999999999,0.9323671497584541,0.05660377358490566,0.20754716981132076
Squamous Epithelial Cell,0.5299999713897705,192,3,12,0.9846153846153847,0.9411764705882353,0.962406015037594,0.927536231884058,0.05660377358490566,0.22641509433962265
Squamous Epithelial Cell,0.5400000214576721,192,3,12,0.9846153846153847,0.9411764705882353,0.962406015037594,0.927536231884058,0.05660377358490566,0.22641509433962265
Squamous Epithelial Cell,0.550000011920929,192,3,12,0.9846153846153847,0.9411764705882353,0.962406015037594,0.927536231884058,0.05660377358490566,0.22641509433962265
Squamous Epithelial Cell,0.5600000023841858,191,2,13,0.9896373056994818,0.9362745098039216,0.9622166246851386,0.9271844660194175,0.03773584905660377,0.24528301886792453
Squamous Epithelial Cell,0.5699999928474426,191,2,13,0.9896373056994818,0.9362745098039216,0.9622166246851386,0.9271844660194175,0.03773584905660377,0.24528301886792453
Squamous Epithelial Cell,0.5799999833106995,191,2,13,0.9896373056994818,0.9362745098039216,0.9622166246851386,0.9271844660194175,0.03773584905660377,0.24528301886792453
Squamous Epithelial Cell,0.5899999737739563,191,2,13,0.9896373056994818,0.9362745098039216,0.9622166246851386,0.9271844660194175,0.03773584905660377,0.24528301886792453
Squamous Epithelial Cell,0.6000000238418579,191,2,13,0.9896373056994818,0.9362745098039216,0.9622166246851386,0.9271844660194175,0.03773584905660377,0.24528301886792453
Squamous Epithelial Cell,0.6100000143051147,191,2,13,0.9896373056994818,0.9362745098039216,0.9622166246851386,0.9271844660194175,0.03773584905660377,0.24528301886792453
Squamous Epithelial Cell,0.6200000047683716,190,2,14,0.9895833333333334,0.9313725490196079,0.9595959595959597,0.9223300970873787,0.03773584905660377,0.2641509433962264
Squamous Epithelial Cell,0.6299999952316284,188,2,16,0.9894736842105263,0.9215686274509803,0.9543147208121827,0.912621359223301,0.03773584905660377,0.3018867924528302
Squamous Epithelial Cell,0.6399999856948853,188,2,16,0.9894736842105263,0.9215686274509803,0.9543147208121827,0.912621359223301,0.03773584905660377,0.3018867924528302
Squamous Epithelial Cell,0.6499999761581421,188,2,16,0.9894736842105263,0.9215686274509803,0.9543147208121827,0.912621359223301,0.03773584905660377,0.3018867924528302
Squamous Epithelial Cell,0.6600000262260437,188,2,16,0.9894736842105263,0.9215686274509803,0.9543147208121827,0.912621359223301,0.03773584905660377,0.3018867924528302
Squamous Epithelial Cell,0.6700000166893005,188,2,16,0.9894736842105263,0.9215686274509803,0.9543147208121827,0.912621359223301,0.03773584905660377,0.3018867924528302
Squamous Epithelial Cell,0.6800000071525574,188,2,16,0.9894736842105263,0.9215686274509803,0.9543147208121827,0.912621359223301,0.03773584905660377,0.3018867924528302
Squamous Epithelial Cell,0.6899999976158142,188,2,16,0.9894736842105263,0.9215686274509803,0.9543147208121827,0.912621359223301,0.03773584905660377,0.3018867924528302
Squamous Epithelial Cell,0.699999988079071,188,2,16,0.9894736842105263,0.9215686274509803,0.9543147208121827,0.912621359223301,0.03773584905660377,0.3018867924528302
Squamous Epithelial Cell,0.7099999785423279,186,2,18,0.9893617021276596,0.9117647058823529,0.9489795918367346,0.9029126213592233,0.03773584905660377,0.33962264150943394
Squamous Epithelial Cell,0.7200000286102295,186,2,18,0.9893617021276596,0.9117647058823529,0.9489795918367346,0.9029126213592233,0.03773584905660377,0.33962264150943394
Squamous Epithelial Cell,0.7300000190734863,186,2,18,0.9893617021276596,0.9117647058823529,0.9489795918367346,0.9029126213592233,0.03773584905660377,0.33962264150943394
Squamous Epithelial Cell,0.7400000095367432,186,2,18,0.9893617021276596,0.9117647058823529,0.9489795918367346,0.9029126213592233,0.03773584905660377,0.33962264150943394
Squamous Epithelial Cell,0.75,184,2,20,0.989247311827957,0.9019607843137255,0.9435897435897437,0.8932038834951457,0.03773584905660377,0.37735849056603776
Squamous Epithelial Cell,0.7599999904632568,182,2,22,0.9891304347826086,0.8921568627450981,0.9381443298969072,0.883495145631068,0.03773584905660377,0.41509433962264153
Squamous Epithelial Cell,0.7699999809265137,182,2,22,0.9891304347826086,0.8921568627450981,0.9381443298969072,0.883495145631068,0.03773584905660377,0.41509433962264153
Squamous Epithelial Cell,0.7799999713897705,178,2,26,0.9888888888888889,0.8725490196078431,0.9270833333333334,0.8640776699029126,0.03773584905660377,0.49056603773584906
Squamous Epithelial Cell,0.7900000214576721,177,2,27,0.9888268156424581,0.8676470588235294,0.9242819843342037,0.8592233009708737,0.03773584905660377,0.5094339622641509
Squamous Epithelial Cell,0.800000011920929,177,2,27,0.9888268156424581,0.8676470588235294,0.9242819843342037,0.8592233009708737,0.03773584905660377,0.5094339622641509
Squamous Epithelial Cell,0.8100000023841858,175,2,29,0.9887005649717514,0.8578431372549019,0.9186351706036745,0.8495145631067961,0.03773584905660377,0.5471698113207547
Squamous Epithelial Cell,0.8199999928474426,173,2,31,0.9885714285714285,0.8480392156862745,0.9129287598944591,0.8398058252427184,0.03773584905660377,0.5849056603773585
Squamous Epithelial Cell,0.8299999833106995,170,2,34,0.9883720930232558,0.8333333333333334,0.9042553191489361,0.8252427184466019,0.03773584905660377,0.6415094339622641
Squamous Epithelial Cell,0.8399999737739563,169,2,35,0.9883040935672515,0.8284313725490197,0.9013333333333333,0.8203883495145631,0.03773584905660377,0.660377358490566
Squamous Epithelial Cell,0.8500000238418579,167,1,37,0.9940476190476191,0.8186274509803921,0.8978494623655914,0.8146341463414634,0.018867924528301886,0.6981132075471698
Squamous Epithelial Cell,0.8600000143051147,162,1,42,0.9938650306748467,0.7941176470588235,0.8828337874659401,0.7902439024390244,0.018867924528301886,0.7924528301886793
Squamous Epithelial Cell,0.8700000047683716,160,1,44,0.9937888198757764,0.7843137254901961,0.8767123287671232,0.7804878048780488,0.018867924528301886,0.8301886792452831
Squamous Epithelial Cell,0.8799999952316284,157,0,47,1.0,0.7696078431372549,0.8698060941828256,0.7696078431372549,0.0,0.8867924528301887
Squamous Epithelial Cell,0.8899999856948853,153,0,51,1.0,0.75,0.8571428571428571,0.75,0.0,0.9622641509433962
Squamous Epithelial Cell,0.8999999761581421,147,0,57,1.0,0.7205882352941176,0.8376068376068375,0.7205882352941176,0.0,1.0754716981132075
Squamous Epithelial Cell,0.9100000262260437,142,0,62,1.0,0.696078431372549,0.8208092485549133,0.696078431372549,0.0,1.169811320754717
Squamous Epithelial Cell,0.9200000166893005,133,0,71,1.0,0.6519607843137255,0.7893175074183977,0.6519607843137255,0.0,1.3396226415094339
Squamous Epithelial Cell,0.9300000071525574,119,0,85,1.0,0.5833333333333334,0.7368421052631579,0.5833333333333334,0.0,1.6037735849056605
Squamous Epithelial Cell,0.9399999976158142,101,0,103,1.0,0.4950980392156863,0.6622950819672131,0.4950980392156863,0.0,1.9433962264150944
Squamous Epithelial Cell,0.949999988079071,69,0,135,1.0,0.3382352941176471,0.5054945054945055,0.3382352941176471,0.0,2.547169811320755
